{
  "gpu": {
    "fps": 60.0,
    "fps.custom": 90.0
  },
  "rs.gpu.renderscript": 0,
  "debug": {
    "composition.type": "opengl",
    "hwui.renderer": "opengl",
    "gr.numframebuffers": 3,
    "qctwa.preservebuf": 1,
    "performance.tuning": 1,
    "overlayui.enable": 1,
    "egl.hw": 1,
    "enabletr": true,
    "sf.hw": 1
  },
  "dev": {
    "pm.dyn_samplingrate": 1
  },
  "ro": {
    "min_pointer_dur": 1,
    "config.disable.hw_accel": false,
    "fb.mode": 1,
    "sf.compbypass.enable": 0,
    "vold.umsdirtyratio": 20
  },
  "hw3d.force": 1,
  "hw2d.force": 1,
  "persist": {
    "sys.composition.type": "c2d",
    "sys.ui.hw": 1
  },
  "video.accelerate.hw": 1
}