<com.activision.callofduty.shooter>
    <config>
        <!-- PTGCONFIGS -->
        <touch.distance_scale value="0.001"/>
        <touch.calibration value="true"/>
        
 <!-- PTGCONFIGS -->
        <debug.rs.composition_type value="gpu"/>
        
         <!-- PTGCONFIGS -->
        <boot.fps value="60"/>
        <see.fps value="60"/>
        <ro.system.lock.fps value="60"/>
        
         <!-- PTGCONFIGS -->
        <persist.sys.POWERMODE value="1"/>
        <windowsmgr.max_events_per_sec value="60"/>
        
         <!-- PTGCONFIGS -->
        <game.accelerate.hw value="true"/>
        <hm2d.force.cpu.maxspeed value="true"/>
        
         <!-- PTGCONFIGS -->
        <setprop name="debug.sf.high_fps_early_phase_offset_ns" value="6500000"/>
        <setprop name="debug.egl.profiler" value="1"/>
        <setprop name="debug.hwui.fps_divisor" value="-1"/>
        <setprop name="debug.sf.hw" value="1"/>
        <setprop name="debug.composition.type" value="dyn"/>
    </config>
    
    <BoostConfigs>
        <PerfBoost>
             <!-- PTGCONFIGS -->
            <Config Id="0x00001081" Type="1" Enable="true" Timeout="2000" Target="sdm750"
                    Resources="0x40804000, 0xFFF, 0x40804100, 0xFFF, 0x40800000, 1747, 0x40800100, 1400"/>
            
            <Config Id="0x00001080" Type="1" Enable="true" Target="sdm750" Resolution="1080p"
                    Resources="0x41800000, 0x31, 0x40800000, 1100, 0x40800100, 1100"/>
            <Config Id="0x00001080" Type="1" Enable="true" Target="sdm750" Resolution="2560"
                    Resources="0x41800000, 0x31, 0x40800000, 1100, 0x40800100, 1100, 0x4280C000, 266"/>
            
            <Config Id="0x00001080" Type="2" Enable="true" Target="sdm750" Resolution="1080p"
                    Resources="0x41800000, 0x31, 0x40800000, 1100, 0x40800100, 1100"/>
            <Config Id="0x00001080" Type="2" Enable="true" Target="sdm750" Resolution="2560"
                    Resources="0x41800000, 0x31, 0x40800000, 1100, 0x40800100, 1100, 0x4280C000, 266"/>
            
            <Config Id="0x00001080" Type="4" Enable="true" Timeout="80" Target="sdm750" Resolution="1080p"
                    Resources="0x41800000, 0x31, 0x40800000, 1100, 0x40800100, 1100"/>
            <Config Id="0x00001080" Type="4" Enable="true" Timeout="80" Target="sdm750" Resolution="2560"
                    Resources="0x41800000, 0x31, 0x40800000, 1100, 0x40800100, 1100, 0x4280C000, 266"/>
            
            <Config Id="0x00001086" Enable="true" Target="sdm750"
                    Resources="0x40804000, 0xFFF, 0x40804100, 0xFFF, 0x40800000, 1800, 0x40800100, 1400, 0x42C10000, 0x1"/>
            
            <Config Id="0x00001088" Enable="true" Target="sdm750"
                    Resources="0x40804000, 0xFFF, 0x40804100, 0xFFF, 0x40800000, 0xFFF, 0x40800100, 0xFFF"/>
            
            <Config Id="0x00001089" Enable="true" Timeout="1500" Target="sdm750"
                    Resources="0x40804000, 0xFFF, 0x40804100, 0xFFF, 0x40800000, 0xFFF, 0x40800100, 0xFFF"/>
            
            <Config Id="0x00001090" Enable="true" Timeout="1000" Target="sdm750"
                    Resources="0x40800100, 1000, 0x4280C000, 596"/>
            
            <Config Id="0x00001041" Enable="true" Timeout="0" Target="750"
                    Resources="0x40000000, 1"/>
            <Config Id="0x00001040" Enable="true" Timeout="0" Target="sdm750"
                    Resources="0x40000000, 0x0"/>
        </PerfBoost>
    </BoostConfigs>
</com.activision.callofduty.shooter>
