<?xml version="1.0" encoding="utf-8"?>
<config>
  <graphics>
    <fps>60</fps>
    <resolution>1080p</resolution>
    <shadows>
      <enabled>false</enabled>
      <quality>medium</quality>
    </shadows>
    <anti-aliasing>
      <enabled>false</enabled>
      <type>smaa</type>
    </anti-aliasing>
    <texture-quality>high</texture-quality>
    <effects>
      <enabled>true</enabled>
      <quality>high</quality>
    </effects>
    <render-distance>far</render-distance>
    <post-processing>
      <enabled>false</enabled>
      <type>bloom</type>
    </post-processing>
  </graphics>
</config>